100,Jerry,Behre,Jerry.Behre@yopmail.com,developer
101,Joy,Bebe,Joy.Bebe@yopmail.com,doctor
102,Mary,Trinetta,Mary.Trinetta@yopmail.com,developer
103,Hettie,Virgin,Hettie.Virgin@yopmail.com,developer
104,Talya,Naor,Talya.Naor@yopmail.com,police officer
105,Dotty,Velick,Dotty.Velick@yopmail.com,worker
106,Albertina,Stilwell,Albertina.Stilwell@yopmail.com,police officer
107,Gabi,Janith,Gabi.Janith@yopmail.com,firefighter